,contest,number-01,number-02,number-03,number-04,number-05,number-06
0,2372,3,19,25,44,46,57
1,2371,4,15,30,36,39,48
2,2370,7,31,37,42,44,56
3,2369,4,9,17,19,37,60
4,2368,4,7,13,25,36,58
5,2367,5,23,29,34,53,60
6,2366,4,27,33,35,38,41
7,2365,1,17,28,37,44,50
8,2364,20,33,42,44,51,56
9,2363,6,14,24,34,39,58
10,2362,3,20,22,32,35,50
11,2361,14,21,22,29,35,46
12,2360,10,15,21,24,29,45
13,2359,31,32,39,42,43,51
14,2358,5,9,11,16,43,57
15,2357,19,28,30,34,40,51
16,2356,3,10,25,36,51,58
17,2355,7,30,31,41,50,56
18,2354,6,18,25,30,42,54
19,2353,3,19,34,41,48,53
20,2352,9,17,38,41,49,55
21,2351,19,22,35,41,47,49
22,2350,25,28,29,34,41,45
23,2349,5,10,25,32,49,54
24,2348,2,3,7,48,51,54
25,2347,8,9,17,30,58,60
26,2346,3,4,11,40,42,58
27,2345,7,16,19,22,28,55
28,2344,11,17,25,38,52,57
29,2343,4,31,42,45,49,56
30,2342,17,20,24,27,40,60
31,2341,4,9,31,32,42,46
32,2340,16,21,28,41,49,51
33,2339,4,18,29,47,48,59
34,2338,8,21,23,34,42,47
35,2337,2,9,34,49,51,55
36,2336,8,10,20,27,28,50
37,2335,9,18,23,42,47,49
38,2334,4,13,20,22,25,60
39,2333,9,16,31,41,53,55
40,2332,12,33,35,36,44,52
41,2331,11,13,16,36,53,57
42,2330,17,20,22,35,41,42
43,2329,12,14,28,42,45,55
44,2328,8,11,14,39,48,53
45,2327,30,37,45,54,57,58
46,2326,10,16,27,34,36,57
47,2325,33,34,37,46,52,60
48,2324,2,16,19,31,43,60
49,2323,20,27,35,39,50,59
50,2322,2,5,10,29,34,41
51,2321,14,25,28,41,43,46
52,2320,6,30,35,39,42,48
53,2319,6,17,25,35,40,49
54,2318,28,44,52,54,58,60
55,2317,3,8,30,33,35,48
56,2316,2,11,43,49,52,56
57,2315,1,10,17,26,30,53
58,2314,6,7,28,42,45,49
59,2313,3,20,26,45,49,58
60,2312,3,27,39,46,47,60
61,2311,3,5,9,35,43,60
62,2310,13,17,28,29,42,53
63,2309,9,11,29,30,33,60
64,2308,9,13,26,38,58,60
65,2307,16,33,38,46,53,55
66,2306,3,19,28,33,57,58
67,2305,7,16,22,38,55,57
68,2304,12,21,29,54,56,57
69,2303,3,7,17,20,48,50
70,2302,18,22,25,27,43,44
71,2301,17,18,35,36,47,52
72,2300,9,21,37,39,43,54
73,2299,2,3,19,40,44,60
74,2298,13,17,21,31,41,49
75,2297,20,22,35,40,41,59
76,2296,1,6,21,29,36,59
77,2295,6,13,26,28,35,41
78,2294,9,15,20,33,41,43
79,2293,1,2,10,37,42,48
80,2292,6,16,18,33,42,57
81,2291,12,26,31,36,37,49
82,2290,5,18,36,44,57,60
83,2289,6,9,34,37,38,45
84,2288,2,26,35,39,40,56
85,2287,2,4,6,29,41,56
86,2286,9,21,30,41,42,43
87,2285,1,7,10,12,33,42
88,2284,4,10,12,14,36,46
89,2283,4,24,37,43,59,60
90,2282,12,27,30,36,45,52
91,2281,14,27,35,40,50,55
92,2280,28,29,31,50,58,59
93,2279,5,12,14,20,27,28
94,2278,8,17,34,37,43,45
95,2277,10,22,23,37,53,60
96,2276,5,15,18,27,49,57
97,2275,2,4,25,36,50,53
98,2274,8,11,17,33,40,55
99,2273,15,16,20,38,40,58
100,2272,2,5,11,24,41,49
101,2271,6,10,27,28,41,52
102,2270,14,16,38,39,41,48
103,2269,1,11,14,23,29,55
104,2268,4,13,23,28,30,52
105,2267,20,32,33,48,49,53
106,2266,10,23,31,37,58,59
107,2265,14,20,23,39,46,50
108,2264,2,3,8,19,29,37
109,2263,9,24,33,43,49,57
110,2262,7,8,14,23,30,46
111,2261,7,23,26,27,29,51
112,2260,12,14,34,35,37,47
113,2259,20,27,41,54,56,58
114,2258,1,5,7,14,23,26
115,2257,18,21,30,31,34,51
116,2256,9,10,30,37,47,54
117,2255,15,20,39,41,49,57
118,2254,4,9,24,44,47,56
119,2253,31,32,33,39,52,55
120,2252,1,17,30,37,46,50
121,2251,5,15,22,26,54,58
122,2250,27,33,39,52,57,58
123,2249,4,9,31,47,49,53
124,2248,9,15,20,29,30,42
125,2247,1,42,44,47,48,53
126,2246,5,9,24,27,33,46
127,2245,11,14,15,18,33,34
128,2244,3,5,11,34,37,42
129,2243,14,18,28,35,38,54
130,2242,5,9,18,24,25,42
131,2241,1,13,18,26,40,56
132,2240,7,9,10,19,25,58
133,2239,7,27,31,39,45,46
134,2238,11,36,45,55,57,58
135,2237,11,20,27,28,53,60
136,2236,7,20,38,43,45,53
137,2235,14,18,30,35,55,57
138,2234,4,21,27,29,42,47
139,2233,4,6,32,35,41,45
140,2232,7,8,31,34,38,47
141,2231,4,13,25,40,53,57
142,2230,7,17,26,39,56,60
143,2229,6,11,29,40,41,58
144,2228,9,19,23,32,39,45
145,2227,6,9,12,27,32,57
146,2226,2,4,7,16,30,38
147,2225,1,32,37,44,46,47
148,2224,16,23,32,50,52,58
149,2223,2,26,40,42,49,56
150,2222,13,14,29,30,48,59
151,2221,5,23,34,45,56,57
152,2220,3,35,38,40,57,58
153,2219,8,28,36,45,57,59
154,2218,6,16,22,38,48,52
155,2217,10,14,16,30,32,36
156,2216,10,24,42,43,48,49
157,2215,1,19,21,23,33,43
158,2214,4,10,18,30,34,47
159,2213,5,7,10,32,46,60
160,2212,23,26,51,52,53,58
161,2211,27,36,40,41,44,54
162,2210,11,17,24,25,33,34
163,2209,22,25,28,32,33,47
164,2208,16,25,30,40,45,49
165,2207,6,10,11,43,53,55
166,2206,6,27,38,42,45,57
167,2205,12,21,28,37,42,57
168,2204,1,28,29,32,35,56
169,2203,17,34,46,49,50,57
170,2202,11,29,37,38,43,60
171,2201,3,13,23,41,49,53
172,2200,11,15,28,36,43,55
173,2199,15,23,30,35,38,44
174,2198,1,11,34,36,44,56
175,2197,3,11,29,35,44,57
176,2196,1,25,27,28,41,56
177,2195,14,24,32,38,46,53
178,2194,8,16,20,21,31,34
179,2193,7,8,22,27,29,42
180,2192,7,16,37,53,57,59
181,2191,4,8,26,33,46,53
182,2190,5,9,20,25,35,53
183,2189,4,11,16,22,29,33
184,2188,2,17,21,28,51,60
185,2187,10,11,16,21,46,50
186,2186,12,18,19,27,41,46
187,2185,9,18,19,22,42,47
188,2184,15,36,45,51,52,59
189,2183,13,26,30,34,43,51
190,2182,19,22,39,46,47,59
191,2181,1,8,19,33,36,48
192,2180,10,12,16,21,28,38
193,2179,2,13,24,35,50,54
194,2178,2,16,21,42,50,56
195,2177,9,11,14,31,48,51
196,2176,8,23,25,39,43,44
197,2175,7,25,32,43,53,55
198,2174,10,15,34,36,56,60
199,2173,2,9,42,44,48,50
200,2172,9,24,28,37,43,57
201,2171,12,13,19,36,44,55
202,2170,10,21,24,36,38,51
203,2169,7,34,45,51,54,59
204,2168,1,4,25,27,29,37
205,2167,27,37,38,43,45,54
206,2166,3,19,34,44,56,58
207,2165,5,37,43,49,54,56
208,2164,16,17,25,47,48,58
209,2163,8,18,20,24,36,45
210,2162,11,16,22,30,34,42
211,2161,8,9,10,24,42,44
212,2160,1,19,46,47,49,53
213,2159,14,26,35,38,45,53
214,2158,9,27,35,45,46,59
215,2157,31,33,34,35,39,48
216,2156,1,6,23,26,39,49
217,2155,2,6,27,37,44,47
218,2154,7,25,41,47,50,53
219,2153,8,13,28,31,32,33
220,2152,26,29,36,49,50,59
221,2151,2,14,18,29,36,38
222,2150,23,24,26,38,42,49
223,2149,21,23,37,44,46,48
224,2148,8,15,32,33,58,59
225,2147,17,19,37,41,42,49
226,2146,16,18,31,39,42,44
227,2145,6,8,28,51,53,59
228,2144,7,16,21,33,55,60
229,2143,2,12,35,51,57,58
230,2142,7,40,44,50,52,57
231,2141,10,11,17,19,37,41
232,2140,17,20,26,36,42,54
233,2139,14,23,29,41,57,58
234,2138,4,13,14,21,30,34
235,2137,1,2,11,12,34,49
236,2136,1,8,11,22,30,35
237,2135,9,23,28,40,48,59
238,2134,6,21,34,46,54,59
239,2133,19,20,26,51,52,57
240,2132,5,18,30,35,39,60
241,2131,2,3,6,18,20,28
242,2130,13,16,36,53,54,55
243,2129,6,12,31,32,46,60
244,2128,11,16,24,46,54,55
245,2127,1,7,28,30,44,46
246,2126,7,12,24,27,39,58
247,2125,1,31,44,46,53,58
248,2124,2,11,20,31,43,47
249,2123,14,15,47,50,56,59
250,2122,3,11,15,21,27,49
251,2121,8,10,17,29,37,40
252,2120,13,20,24,25,38,41
253,2119,19,21,26,31,42,49
254,2118,11,12,20,40,41,46
255,2117,4,28,29,30,43,52
256,2116,1,9,19,21,34,54
257,2115,4,19,27,35,40,44
258,2114,17,25,30,35,42,57
259,2113,11,14,21,25,46,50
260,2112,17,39,43,46,52,53
261,2111,1,41,44,46,54,58
262,2110,5,10,12,18,25,33
263,2109,4,12,16,34,44,49
264,2108,19,22,29,41,44,59
265,2107,8,38,44,50,56,60
266,2106,3,27,36,39,40,43
267,2105,11,13,16,24,31,46
268,2104,2,10,12,27,45,56
269,2103,3,13,40,44,46,50
270,2102,4,6,17,34,51,57
271,2101,2,8,18,37,56,58
272,2100,1,10,11,13,35,49
273,2099,5,15,20,27,30,58
274,2098,2,8,18,27,38,60
275,2097,9,24,28,45,49,51
276,2096,6,11,13,19,24,51
277,2095,16,29,35,43,49,56
278,2094,4,16,19,31,33,44
279,2093,8,14,27,34,52,54
280,2092,11,13,15,17,22,27
281,2091,10,11,12,37,38,59
282,2090,8,11,18,37,40,51
283,2089,5,10,32,38,48,49
284,2088,3,14,24,27,38,56
285,2087,2,18,19,23,34,53
286,2086,4,35,43,46,47,53
287,2085,12,21,25,37,38,49
288,2084,7,20,26,37,38,39
289,2083,1,18,19,33,56,60
290,2082,6,25,33,42,48,49
291,2081,13,18,35,40,41,42
292,2080,10,22,40,46,55,58
293,2079,1,2,14,37,55,58
294,2078,2,11,15,30,36,39
295,2077,13,16,26,35,37,39
296,2076,5,6,12,15,22,43
297,2075,7,9,23,33,57,59
298,2074,8,18,23,37,42,58
299,2073,12,15,18,30,52,55
300,2072,10,12,13,20,22,54
301,2071,24,33,34,35,46,60
302,2070,5,26,27,34,42,48
303,2069,3,17,34,35,40,48
304,2068,3,5,9,40,42,47
305,2067,2,11,13,26,32,59
306,2066,6,25,27,35,45,55
307,2065,4,11,20,30,37,43
308,2064,10,14,36,53,55,60
309,2063,6,10,19,24,25,29
310,2062,8,10,15,23,25,34
311,2061,33,36,40,44,45,54
312,2060,8,9,11,25,39,41
313,2059,4,5,36,40,44,56
314,2058,4,19,23,29,56,59
315,2057,10,13,20,37,38,54
316,2056,18,22,29,34,36,47
317,2055,6,25,35,43,46,53
318,2054,4,7,12,22,26,39
319,2053,12,22,27,37,40,55
320,2052,50,51,56,57,58,59
321,2051,1,5,6,37,44,53
322,2050,8,31,32,33,38,50
323,2049,10,19,27,31,51,53
324,2048,10,19,26,35,38,39
325,2047,1,18,19,29,44,54
326,2046,3,6,11,27,28,46
327,2045,15,25,27,45,46,50
328,2044,7,14,47,54,56,60
329,2043,21,38,53,56,57,58
330,2042,14,22,29,32,33,35
331,2041,10,12,22,25,42,54
332,2040,6,9,41,54,56,58
333,2039,6,12,22,28,31,44
334,2038,6,25,26,35,38,40
335,2037,14,16,23,30,45,60
336,2036,7,8,19,23,27,58
337,2035,30,35,36,38,49,52
338,2034,6,7,13,17,22,56
339,2033,10,18,33,38,40,43
340,2032,6,14,19,20,39,53
341,2031,18,23,37,39,50,55
342,2030,4,27,38,40,58,59
343,2029,6,15,18,33,37,40
344,2028,7,11,24,36,42,58
345,2027,11,15,29,37,39,44
346,2026,10,23,31,33,51,52
347,2025,4,24,46,52,55,56
348,2024,16,20,23,29,35,47
349,2023,1,6,7,8,23,56
350,2022,4,28,45,48,52,60
351,2021,7,14,32,37,40,60
352,2020,2,36,46,48,57,60
353,2019,23,41,46,52,54,59
354,2018,11,22,25,27,55,59
355,2017,2,10,11,24,38,56
356,2016,4,11,17,18,21,48
357,2015,17,18,27,32,39,58
358,2014,16,32,40,46,53,56
359,2013,6,23,30,36,53,56
360,2012,8,11,27,35,36,51
361,2011,2,28,32,35,54,58
362,2010,8,10,18,34,39,56
363,2009,1,37,44,46,48,50
364,2008,22,27,33,42,58,59
365,2007,4,14,39,41,54,58
366,2006,1,9,14,20,25,54
367,2005,11,19,22,33,34,53
368,2004,1,5,14,23,35,45
369,2003,28,34,40,43,50,51
370,2002,4,28,30,38,46,59
371,2001,20,22,36,42,52,60
372,2000,3,6,10,17,34,37
373,1999,15,37,38,42,49,50
374,1998,8,21,24,25,52,57
375,1997,1,7,14,31,35,46
376,1996,7,20,21,24,40,56
377,1995,14,26,29,35,37,39
378,1994,2,5,12,32,40,44
379,1993,6,17,33,48,50,57
380,1992,5,11,13,21,53,54
381,1991,19,20,28,34,36,44
382,1990,11,24,26,34,37,59
383,1989,15,22,30,32,40,58
384,1988,5,10,39,42,46,54
385,1987,10,14,31,34,45,58
386,1986,23,36,43,44,55,56
387,1985,9,28,29,34,36,55
388,1984,21,29,32,35,43,50
389,1983,5,6,10,14,22,36
390,1982,4,14,20,24,46,50
391,1981,6,15,19,37,39,53
392,1980,12,16,17,18,34,37
393,1979,22,23,29,32,38,45
394,1978,2,6,22,44,55,57
395,1977,3,16,28,32,34,37
396,1976,12,14,19,25,52,59
397,1975,8,11,24,26,47,57
398,1974,4,19,27,38,54,57
399,1973,1,12,16,17,52,60
400,1972,9,16,20,54,57,59
401,1971,4,10,41,44,52,54
402,1970,5,10,18,24,39,52
403,1969,8,20,30,32,48,59
404,1968,35,36,39,44,48,52
405,1967,13,30,32,39,46,54
406,1966,10,13,19,32,40,60
407,1965,26,28,35,38,48,55
408,1964,2,27,32,36,48,50
409,1963,4,5,7,34,42,60
410,1962,5,6,15,25,39,53
411,1961,17,25,26,30,32,50
412,1960,1,18,25,37,39,43
413,1959,8,21,27,35,43,56
414,1958,15,20,22,24,34,55
415,1957,2,14,22,23,29,47
416,1956,5,8,20,28,40,45
417,1955,15,27,33,36,41,45
418,1954,9,25,33,35,40,49
419,1953,9,26,29,42,43,45
420,1952,9,21,36,38,52,53
421,1951,14,16,19,21,33,55
422,1950,10,21,32,34,48,57
423,1949,1,6,14,22,30,56
424,1948,12,20,24,28,33,57
425,1947,8,33,40,52,55,59
426,1946,4,6,39,44,52,60
427,1945,4,8,10,21,45,54
428,1944,8,9,39,47,57,59
429,1943,9,11,12,30,39,43
430,1942,6,18,20,24,43,48
431,1941,1,9,24,38,48,49
432,1940,9,13,16,17,36,47
433,1939,7,24,29,39,45,52
434,1938,10,16,32,40,42,54
435,1937,6,10,24,29,43,55
436,1936,3,12,24,40,51,52
437,1935,1,3,10,17,23,24
438,1934,8,23,35,39,56,59
439,1933,2,14,15,19,35,59
440,1932,10,16,21,29,44,55
441,1931,2,8,9,15,22,34
442,1930,4,17,18,37,52,56
443,1929,3,10,23,36,43,52
444,1928,10,26,28,51,53,59
445,1927,5,11,13,19,30,31
446,1926,2,3,14,20,30,46
447,1925,1,17,38,43,45,47
448,1924,12,16,30,52,53,58
449,1923,9,34,42,45,46,59
450,1922,20,22,36,38,41,43
451,1921,10,15,16,19,28,35
452,1920,25,31,33,39,43,45
453,1919,11,28,37,45,54,60
454,1918,16,17,20,22,38,50
455,1917,4,21,25,33,36,46
456,1916,3,9,18,23,50,52
457,1915,2,20,21,33,48,57
458,1914,16,29,33,39,42,44
459,1913,4,14,17,43,52,56
460,1912,10,13,33,35,36,42
461,1911,16,18,23,30,32,33
462,1910,6,9,15,22,39,48
463,1909,11,40,43,45,47,57
464,1908,4,10,13,23,27,57
465,1907,3,25,35,38,44,48
466,1906,6,27,33,39,40,60
467,1905,29,35,43,54,56,57
468,1904,12,15,18,21,51,56
469,1903,9,10,15,28,43,45
470,1902,2,7,9,18,21,25
471,1901,11,12,26,30,37,53
472,1900,8,11,27,28,43,46
473,1899,20,23,35,36,44,48
474,1898,12,34,45,53,55,58
475,1897,9,22,25,47,52,58
476,1896,3,6,14,15,21,25
477,1895,2,3,5,10,15,34
478,1894,21,31,35,53,54,57
479,1893,16,17,19,28,45,58
480,1892,6,17,22,30,37,50
481,1891,1,3,19,23,47,58
482,1890,5,11,22,24,51,53
483,1889,16,23,25,28,30,44
484,1888,1,10,17,18,45,48
485,1887,11,23,34,41,46,56
486,1886,3,7,15,40,45,54
487,1885,7,14,18,23,32,59
488,1884,1,4,23,32,38,59
489,1883,16,27,28,47,59,60
490,1882,9,10,19,35,37,41
491,1881,3,10,30,44,53,56
492,1880,5,16,19,37,51,56
493,1879,5,10,20,57,58,59
494,1878,12,16,26,40,56,57
495,1877,13,16,23,24,32,35
496,1876,7,18,39,41,44,51
497,1875,1,45,47,52,53,55
498,1874,10,28,37,43,44,47
499,1873,5,25,28,41,53,54
500,1872,11,13,25,39,46,56
501,1871,3,11,17,33,52,58
502,1870,18,20,30,32,33,40
503,1869,11,23,24,26,40,52
504,1868,1,5,23,25,28,31
505,1867,3,10,17,21,22,43
506,1866,14,17,36,38,44,60
507,1865,1,5,31,32,37,42
508,1864,4,5,14,37,40,60
509,1863,16,23,45,56,58,59
510,1862,2,8,35,42,49,56
511,1861,2,4,9,35,45,60
512,1860,10,30,36,40,44,60
513,1859,1,13,14,21,26,51
514,1858,22,28,30,33,55,59
515,1857,13,23,25,35,52,53
516,1856,2,9,14,22,32,37
517,1855,6,10,15,24,38,39
518,1854,25,30,31,34,43,59
519,1853,1,2,34,39,41,45
520,1852,13,17,29,45,49,50
521,1851,8,18,21,22,35,37
522,1850,23,24,32,38,40,41
523,1849,3,5,11,27,35,44
524,1848,9,40,41,50,55,58
525,1847,1,6,45,49,50,57
526,1846,6,24,26,30,34,49
527,1845,3,9,13,29,30,51
528,1844,3,4,37,39,48,50
529,1843,8,26,28,33,41,54
530,1842,16,18,22,24,34,43
531,1841,3,6,13,38,49,51
532,1840,15,17,33,41,47,48
533,1839,7,22,28,32,56,58
534,1838,5,8,24,30,57,59
535,1837,41,44,48,50,54,57
536,1836,8,15,18,45,59,60
537,1835,8,28,36,47,50,58
538,1834,2,17,22,24,48,51
539,1833,2,3,7,16,27,42
540,1832,14,34,46,47,56,57
541,1831,15,27,28,32,48,55
542,1830,3,7,29,37,54,60
543,1829,7,13,24,30,32,53
544,1828,6,11,32,40,48,59
545,1827,26,33,42,43,53,54
546,1826,17,19,32,43,48,51
547,1825,10,11,21,50,51,54
548,1824,5,6,12,19,30,60
549,1823,4,9,21,34,54,59
550,1822,1,22,26,43,50,53
551,1821,19,22,31,36,52,53
552,1820,3,19,23,27,40,45
553,1819,17,18,26,30,33,37
554,1818,2,6,10,15,53,56
555,1817,1,4,26,39,47,55
556,1816,5,10,12,22,28,46
557,1815,8,11,25,39,41,60
558,1814,9,11,27,46,51,53
559,1813,9,11,13,15,19,51
560,1812,20,23,32,34,37,45
561,1811,5,17,32,35,37,57
562,1810,1,10,25,43,50,56
563,1809,9,12,23,24,46,54
564,1808,2,14,20,25,41,45
565,1807,1,15,16,22,25,43
566,1806,11,20,35,42,55,58
567,1805,17,22,27,31,49,57
568,1804,20,21,28,48,50,59
569,1803,4,8,29,38,49,50
570,1802,2,6,13,14,17,44
571,1801,6,19,34,43,45,54
572,1800,6,11,16,19,31,56
573,1799,1,3,4,39,51,53
574,1798,2,9,23,28,45,53
575,1797,2,13,14,35,54,57
576,1796,22,23,34,48,53,54
577,1795,30,42,47,50,55,58
578,1794,1,5,34,37,40,60
579,1793,13,14,22,54,56,58
580,1792,2,16,17,18,41,47
581,1791,12,18,46,50,53,55
582,1790,11,13,26,27,28,50
583,1789,6,25,43,57,58,59
584,1788,3,13,42,45,56,59
585,1787,1,5,13,25,26,29
586,1786,2,6,8,21,25,34
587,1785,5,11,27,41,42,54
588,1784,4,15,26,30,54,55
589,1783,4,6,16,18,21,38
590,1782,6,18,34,47,52,57
591,1781,1,8,22,49,52,53
592,1780,6,20,22,31,33,34
593,1779,12,25,30,39,56,57
594,1778,4,10,38,40,45,48
595,1777,4,19,38,44,52,55
596,1776,10,11,14,19,39,48
597,1775,2,18,31,42,51,56
598,1774,1,12,20,30,52,60
599,1773,15,30,39,41,45,59
600,1772,12,19,27,39,41,45
601,1771,2,20,27,28,32,38
602,1770,11,26,27,30,34,41
603,1769,32,37,44,47,54,60
604,1768,5,7,11,34,35,50
605,1767,16,26,35,39,44,45
606,1766,22,23,41,46,53,60
607,1765,1,6,28,37,56,58
608,1764,6,7,29,39,41,55
609,1763,9,12,15,21,31,36
610,1762,26,32,42,45,55,59
611,1761,9,10,36,50,53,55
612,1760,10,24,25,36,47,48
613,1759,2,14,21,22,51,60
614,1758,6,11,16,23,36,42
615,1757,13,25,28,37,43,56
616,1756,6,13,14,28,35,45
617,1755,2,5,8,18,30,48
618,1754,20,27,30,31,40,53
619,1753,8,15,29,35,45,54
620,1752,9,36,37,53,55,60
621,1751,15,22,23,42,51,57
622,1750,15,17,20,31,41,48
623,1749,3,13,14,29,33,43
624,1748,2,10,13,41,49,53
625,1747,6,33,34,48,53,59
626,1746,6,18,37,40,41,58
627,1745,9,13,18,47,52,60
628,1744,9,12,14,29,42,56
629,1743,4,10,29,31,34,35
630,1742,11,19,21,23,27,52
631,1741,15,18,20,32,48,49
632,1740,10,15,25,38,47,53
633,1739,9,10,17,32,34,46
634,1738,12,28,37,46,48,53
635,1737,5,8,42,50,51,59
636,1736,12,13,24,29,32,41
637,1735,6,16,33,34,45,46
638,1734,12,17,25,29,41,52
639,1733,3,5,9,14,41,46
640,1732,25,34,38,45,53,60
641,1731,5,18,27,43,49,59
642,1730,1,10,17,24,42,51
643,1729,7,14,23,43,44,53
644,1728,3,8,28,39,42,59
645,1727,4,6,19,20,40,41
646,1726,3,10,42,49,54,57
647,1725,16,18,26,30,31,34
648,1724,27,33,37,39,58,60
649,1723,14,27,30,46,52,60
650,1722,9,23,39,41,49,58
651,1721,4,12,19,33,36,38
652,1720,18,23,31,39,49,57
653,1719,1,22,31,34,44,54
654,1718,4,30,31,32,47,53
655,1717,2,9,16,37,44,58
656,1716,2,25,36,41,42,53
657,1715,16,20,35,40,53,60
658,1714,2,8,24,36,51,52
659,1713,3,10,16,23,27,29
660,1712,2,12,19,29,50,59
661,1711,22,26,38,39,45,50
662,1710,7,21,28,56,58,59
663,1709,7,19,30,35,42,47
664,1708,17,29,32,38,45,50
665,1707,7,16,20,27,36,52
666,1706,12,31,34,36,48,56
667,1705,25,27,29,37,50,51
668,1704,1,7,11,32,51,59
669,1703,3,23,26,35,39,49
670,1702,17,19,33,35,39,52
671,1701,3,9,18,32,40,56
672,1700,15,18,41,48,50,58
673,1699,1,6,10,30,33,38
674,1698,11,13,24,28,44,45
675,1697,8,23,30,51,53,58
676,1696,1,12,17,31,37,46
677,1695,24,36,38,43,44,58
678,1694,20,29,34,37,45,57
679,1693,5,15,18,19,21,38
680,1692,11,13,14,27,44,56
681,1691,1,10,24,39,45,58
682,1690,21,24,26,35,45,53
683,1689,2,5,13,27,41,53
684,1688,18,23,30,32,42,56
685,1687,15,24,37,46,49,58
686,1686,9,14,37,44,46,55
687,1685,3,18,31,39,46,51
688,1684,9,12,18,31,39,50
689,1683,4,12,32,33,34,48
690,1682,7,13,35,37,39,51
691,1681,1,6,8,11,33,50
692,1680,23,37,38,46,47,51
693,1679,1,2,27,28,46,47
694,1678,9,11,17,19,35,52
695,1677,10,15,28,33,51,52
696,1676,1,2,11,37,48,51
697,1675,3,18,34,35,36,56
698,1674,22,30,42,50,58,59
699,1673,5,10,23,24,35,47
700,1672,1,3,5,10,20,42
701,1671,21,27,31,45,55,56
702,1670,1,17,19,30,33,47
703,1669,28,29,31,45,48,49
704,1668,5,40,47,52,55,57
705,1667,7,12,24,44,51,56
706,1666,1,2,23,27,45,51
707,1665,1,5,11,16,20,56
708,1664,8,21,23,29,36,48
709,1663,18,20,27,40,49,55
710,1662,10,14,25,29,33,57
711,1661,13,16,27,43,48,58
712,1660,8,17,34,38,42,51
713,1659,4,10,20,33,37,49
714,1658,7,11,19,23,40,49
715,1657,7,10,14,37,45,54
716,1656,4,6,11,43,54,56
717,1655,7,24,28,46,53,56
718,1654,7,16,33,42,50,58
719,1653,1,21,22,27,32,45
720,1652,7,24,26,28,44,57
721,1651,8,27,35,38,41,44
722,1650,17,23,29,38,57,60
723,1649,24,33,38,42,44,54
724,1648,15,16,18,20,22,48
725,1647,12,17,23,38,53,54
726,1646,19,23,34,40,41,58
727,1645,8,18,21,31,37,38
728,1644,10,13,16,22,34,60
729,1643,16,19,20,28,37,60
730,1642,3,23,42,43,47,60
731,1641,23,29,30,33,46,51
732,1640,2,6,18,23,31,46
733,1639,16,29,34,35,49,51
734,1638,1,2,38,41,42,58
735,1637,1,5,24,47,55,56
736,1636,19,26,33,35,51,52
737,1635,8,23,28,30,32,51
738,1634,9,10,23,33,44,51
739,1633,1,2,11,13,36,49
740,1632,6,18,24,27,56,59
741,1631,4,29,44,47,48,60
742,1630,1,7,30,43,44,54
743,1629,4,20,24,35,47,59
744,1628,26,29,34,38,50,60
745,1627,20,26,32,41,45,57
746,1626,3,5,14,35,43,52
747,1625,11,22,36,40,45,52
748,1624,2,27,32,41,47,58
749,1623,33,43,49,50,56,59
750,1622,4,5,7,21,45,53
751,1621,10,22,24,38,39,49
752,1620,13,23,27,34,38,57
753,1619,5,8,17,42,46,47
754,1618,9,20,24,43,51,52
755,1617,3,23,26,31,47,54
756,1616,28,31,40,42,46,58
757,1615,5,20,26,31,33,44
758,1614,14,17,21,27,43,49
759,1613,4,18,31,44,46,49
760,1612,6,13,17,36,42,51
761,1611,24,28,47,50,51,58
762,1610,1,4,9,35,36,53
763,1609,2,6,13,26,53,60
764,1608,5,6,17,43,54,59
765,1607,7,31,32,41,51,52
766,1606,1,15,37,42,46,54
767,1605,9,19,21,30,31,42
768,1604,2,21,24,27,40,51
769,1603,13,20,27,31,53,60
770,1602,8,12,22,35,40,44
771,1601,8,10,24,45,56,60
772,1600,9,23,32,35,46,57
773,1599,3,10,15,35,36,58
774,1598,29,31,36,42,47,53
775,1597,5,10,16,44,50,52
776,1596,1,5,7,10,12,45
777,1595,2,5,8,42,46,59
778,1594,6,7,8,23,43,53
779,1593,4,9,17,18,21,38
780,1592,31,36,38,41,42,49
781,1591,4,10,23,33,38,55
782,1590,7,20,34,40,44,55
783,1589,4,5,11,19,41,51
784,1588,23,29,32,36,45,49
785,1587,8,19,21,30,52,56
786,1586,8,39,43,46,47,58
787,1585,2,43,47,48,49,55
788,1584,3,22,27,28,50,54
789,1583,2,9,17,18,45,47
790,1582,1,4,13,17,38,48
791,1581,14,15,25,30,31,34
792,1580,1,6,14,17,33,36
793,1579,25,34,40,49,51,60
794,1578,3,6,30,37,53,56
795,1577,11,14,25,32,51,59
796,1576,13,15,21,26,30,46
797,1575,1,4,5,14,45,56
798,1574,6,27,28,33,46,48
799,1573,7,16,21,35,36,38
800,1572,20,27,42,45,46,47
801,1571,3,29,32,46,55,60
802,1570,15,18,24,42,46,56
803,1569,5,15,18,31,42,53
804,1568,19,24,25,28,42,58
805,1567,2,15,30,38,48,53
806,1566,5,6,11,32,36,60
807,1565,18,37,39,41,43,51
808,1564,25,38,44,46,53,54
809,1563,1,6,13,20,36,43
810,1562,10,12,23,37,47,51
811,1561,23,26,28,54,55,60
812,1560,20,30,36,38,47,53
813,1559,8,12,16,29,37,58
814,1558,7,15,17,31,42,54
815,1557,4,16,18,31,45,46
816,1556,1,4,7,10,11,52
817,1555,2,5,23,33,52,59
818,1554,30,32,49,50,52,53
819,1553,20,21,22,29,46,60
820,1552,7,18,24,26,39,46
821,1551,2,15,19,21,23,38
822,1550,9,13,21,27,36,56
823,1549,10,12,16,20,32,53
824,1548,19,41,42,44,47,54
825,1547,2,9,10,18,21,28
826,1546,4,17,38,44,53,60
827,1545,4,6,11,24,45,48
828,1544,2,21,30,35,45,50
829,1543,7,15,20,23,30,41
830,1542,7,11,12,30,39,57
831,1541,5,24,37,44,49,58
832,1540,3,17,27,32,47,54
833,1539,8,10,20,26,49,58
834,1538,23,27,35,52,53,57
835,1537,6,10,33,50,51,56
836,1536,13,18,29,32,50,58
837,1535,8,9,25,41,54,55
838,1534,1,12,28,29,34,48
839,1533,13,21,29,34,47,57
840,1532,2,11,23,31,42,44
841,1531,12,13,24,41,42,44
842,1530,10,16,28,33,48,53
843,1529,11,15,17,34,35,49
844,1528,4,13,15,19,36,58
845,1527,16,32,36,42,44,48
846,1526,10,16,28,47,51,59
847,1525,2,26,30,35,46,54
848,1524,2,12,40,46,52,53
849,1523,22,25,31,39,41,44
850,1522,5,8,23,32,33,56
851,1521,11,14,18,30,33,39
852,1520,7,31,35,36,46,48
853,1519,5,6,15,23,56,59
854,1518,8,9,28,41,48,55
855,1517,7,17,38,45,52,56
856,1516,4,18,20,34,45,60
857,1515,4,13,14,18,49,59
858,1514,16,17,23,42,59,60
859,1513,17,28,31,56,57,58
860,1512,11,28,35,42,46,58
861,1511,4,8,17,29,31,45
862,1510,1,8,17,44,46,53
863,1509,1,6,27,46,51,59
864,1508,17,18,30,35,39,58
865,1507,24,46,50,51,52,56
866,1506,3,14,18,34,42,49
867,1505,1,2,6,9,16,32
868,1504,2,10,12,30,41,42
869,1503,3,4,16,22,36,42
870,1502,6,22,43,51,52,57
871,1501,1,7,13,29,37,54
872,1500,10,18,31,43,57,59
873,1499,8,22,26,33,37,54
874,1498,6,11,27,40,46,49
875,1497,4,5,7,27,45,58
876,1496,14,18,28,41,47,54
877,1495,4,13,14,44,49,57
878,1494,2,14,24,28,35,50
879,1493,7,12,24,27,30,49
880,1492,4,9,18,44,46,48
881,1491,6,26,45,50,56,60
882,1490,1,3,31,32,43,52
883,1489,1,15,24,26,28,48
884,1488,4,22,25,38,45,51
885,1487,4,9,17,23,28,53
886,1486,1,6,10,34,40,54
887,1485,4,27,30,36,54,59
888,1484,17,20,24,29,49,53
889,1483,1,35,39,53,55,56
890,1482,6,9,11,34,41,53
891,1481,17,27,28,40,44,55
892,1480,9,14,21,26,36,52
893,1479,21,48,50,54,57,60
894,1478,10,27,37,40,47,55
895,1477,3,4,46,50,56,59
896,1476,4,10,26,37,47,57
897,1475,12,13,37,44,48,51
898,1474,1,2,3,11,28,43
899,1473,2,12,33,57,58,60
900,1472,12,18,23,25,45,50
901,1471,10,25,33,36,40,58
902,1470,2,34,36,38,51,55
903,1469,4,13,35,54,56,58
904,1468,1,2,10,19,20,37
905,1467,23,24,26,41,52,53
906,1466,4,6,13,34,37,51
907,1465,6,11,16,26,44,53
908,1464,2,24,32,50,54,59
909,1463,13,22,28,29,40,48
910,1462,5,9,25,27,38,40
911,1461,31,36,44,47,49,54
912,1460,4,14,27,38,50,52
913,1459,2,6,30,34,35,52
914,1458,2,4,16,33,44,51
915,1457,15,16,34,42,46,59
916,1456,6,8,14,26,36,40
917,1455,14,32,33,36,41,52
918,1454,4,27,29,41,48,52
919,1453,6,13,25,32,47,57
920,1452,2,14,28,50,57,58
921,1451,2,10,11,33,52,57
922,1450,26,27,31,38,44,45
923,1449,2,6,18,30,52,56
924,1448,1,25,29,36,56,60
925,1447,1,19,28,33,39,41
926,1446,6,13,24,32,40,51
927,1445,5,19,32,41,49,58
928,1444,2,5,27,28,48,55
929,1443,12,20,32,48,52,54
930,1442,12,13,20,30,34,49
931,1441,17,29,36,38,53,56
932,1440,2,6,28,36,51,56
933,1439,2,34,35,42,43,55
934,1438,7,14,31,33,36,49
935,1437,22,23,26,37,38,48
936,1436,1,13,23,24,30,57
937,1435,4,15,45,47,50,52
938,1434,3,18,22,34,55,58
939,1433,4,13,14,40,46,52
940,1432,16,24,25,42,45,59
941,1431,5,9,13,33,40,54
942,1430,2,19,22,30,46,52
943,1429,9,12,22,39,48,60
944,1428,7,15,19,34,37,55
945,1427,8,39,44,47,53,56
946,1426,6,15,18,24,30,44
947,1425,7,16,29,36,38,50
948,1424,3,7,15,29,38,60
949,1423,3,8,21,25,27,43
950,1422,2,5,13,17,39,44
951,1421,19,31,39,44,53,59
952,1420,2,11,16,18,36,45
953,1419,17,21,30,48,52,58
954,1418,7,8,10,12,27,56
955,1417,5,12,45,52,56,59
956,1416,3,19,22,24,35,49
957,1415,26,36,40,46,49,51
958,1414,21,37,44,46,49,57
959,1413,13,15,33,45,54,55
960,1412,6,8,24,37,41,45
961,1411,8,12,32,44,46,48
962,1410,18,29,40,42,50,54
963,1409,6,19,26,47,50,58
964,1408,4,19,20,24,39,43
965,1407,18,29,31,42,43,53
966,1406,7,10,17,24,38,57
967,1405,3,14,17,32,37,39
968,1404,7,8,27,31,32,51
969,1403,13,16,20,26,39,42
970,1402,2,9,10,21,27,38
971,1401,11,12,25,33,48,54
972,1400,9,26,34,43,53,54
973,1399,34,39,43,56,57,60
974,1398,14,32,33,40,42,51
975,1397,3,4,7,15,27,56
976,1396,29,48,52,54,55,58
977,1395,5,11,17,19,44,48
978,1394,11,16,24,35,46,50
979,1393,4,18,24,28,39,44
980,1392,2,8,12,28,33,43
981,1391,7,12,19,34,40,53
982,1390,4,19,27,28,29,31
983,1389,1,16,28,39,44,57
984,1388,22,29,31,43,50,54
985,1387,18,27,32,43,50,52
986,1386,12,28,38,39,51,56
987,1385,27,35,36,37,42,59
988,1384,2,18,30,31,45,56
989,1383,7,9,23,44,46,55
990,1382,5,13,16,17,27,55
991,1381,11,27,30,40,44,57
992,1380,3,14,52,55,57,60
993,1379,5,12,36,45,50,58
994,1378,2,5,17,18,54,59
995,1377,2,5,12,13,25,35
996,1376,9,11,21,49,53,54
997,1375,14,25,28,45,53,58
998,1374,6,21,28,31,33,43
999,1373,7,27,39,52,55,57
1000,1372,3,36,40,46,58,60
1001,1371,3,4,8,11,47,49
1002,1370,2,4,5,27,49,59
1003,1369,5,16,24,32,38,46
1004,1368,10,21,26,29,32,38
1005,1367,2,7,13,29,38,43
1006,1366,12,27,37,44,54,59
1007,1365,2,24,26,32,35,50
1008,1364,10,13,20,40,44,53
1009,1363,25,35,42,45,52,57
1010,1362,2,12,19,22,36,58
1011,1361,23,27,30,37,38,44
1012,1360,2,16,17,25,50,54
1013,1359,6,10,12,17,28,53
1014,1358,3,15,16,35,37,47
1015,1357,1,19,24,26,52,55
1016,1356,6,13,21,22,31,46
1017,1355,11,17,24,39,46,49
1018,1354,2,8,38,42,48,49
1019,1353,3,11,13,27,32,47
1020,1352,9,18,24,35,36,59
1021,1351,13,33,36,41,50,56
1022,1350,3,4,29,36,45,55
1023,1349,9,19,20,50,51,60
1024,1348,7,12,38,39,45,56
1025,1347,9,19,45,46,54,56
1026,1346,12,32,40,47,48,59
1027,1345,7,17,19,26,40,50
1028,1344,8,19,21,36,42,59
1029,1343,19,20,31,42,51,56
1030,1342,5,7,42,46,50,60
1031,1341,1,11,20,37,40,52
1032,1340,13,21,30,36,59,60
1033,1339,7,10,14,16,54,59
1034,1338,1,18,19,33,43,60
1035,1337,2,20,35,38,45,51
1036,1336,1,32,38,47,51,54
1037,1335,3,14,20,22,49,51
1038,1334,1,6,8,10,25,27
1039,1333,25,26,28,33,42,51
1040,1332,3,5,13,24,35,59
1041,1331,9,24,26,39,46,57
1042,1330,8,18,21,30,48,49
1043,1329,7,8,11,39,43,50
1044,1328,10,23,27,43,53,59
1045,1327,16,35,36,41,52,54
1046,1326,10,11,18,19,30,50
1047,1325,2,5,16,20,35,43
1048,1324,18,29,31,44,51,57
1049,1323,6,15,25,37,48,55
1050,1322,10,21,43,47,53,55
1051,1321,10,47,51,53,59,60
1052,1320,17,24,25,38,41,55
1053,1319,4,5,16,18,27,51
1054,1318,11,14,16,28,34,46
1055,1317,6,13,29,30,35,37
1056,1316,8,13,25,34,42,48
1057,1315,1,27,29,38,50,52
1058,1314,38,42,44,52,58,60
1059,1313,1,4,26,39,43,49
1060,1312,5,20,22,28,29,30
1061,1311,7,9,12,19,45,54
1062,1310,8,9,14,32,53,59
1063,1309,7,12,25,26,32,39
1064,1308,7,8,24,30,33,47
1065,1307,7,10,32,43,47,54
1066,1306,6,19,22,34,43,45
1067,1305,3,5,11,36,44,46
1068,1304,7,14,15,20,23,35
1069,1303,8,19,46,51,52,54
1070,1302,2,10,15,44,56,57
1071,1301,3,16,23,25,51,56
1072,1300,43,44,46,53,54,59
1073,1299,8,22,32,43,53,56
1074,1298,14,15,30,53,55,60
1075,1297,2,5,11,13,56,59
1076,1296,10,14,43,46,49,53
1077,1295,2,5,15,20,43,57
1078,1294,4,6,29,48,50,51
1079,1293,1,13,24,40,44,50
1080,1292,9,11,23,30,31,54
1081,1291,18,40,47,54,57,58
1082,1290,2,3,14,23,34,50
1083,1289,1,3,8,13,27,52
1084,1288,17,30,32,40,42,56
1085,1287,11,12,31,33,42,52
1086,1286,2,5,28,33,51,52
1087,1285,10,15,28,31,33,38
1088,1284,20,21,26,29,31,36
1089,1283,8,30,40,44,59,60
1090,1282,4,23,39,52,55,56
1091,1281,8,11,14,30,36,38
1092,1280,6,10,16,20,29,54
1093,1279,8,14,29,35,36,40
1094,1278,4,16,24,25,30,56
1095,1277,12,18,31,50,59,60
1096,1276,5,9,11,22,36,40
1097,1275,2,14,48,55,58,60
1098,1274,13,17,21,39,40,59
1099,1273,13,19,26,40,58,60
1100,1272,13,26,27,28,35,52
1101,1271,1,2,39,48,52,59
1102,1270,5,9,24,31,33,42
1103,1269,4,5,15,17,27,51
1104,1268,3,16,17,44,53,60
1105,1267,4,20,30,41,47,58
1106,1266,6,10,33,39,42,60
1107,1265,13,19,24,46,50,60
1108,1264,4,17,36,37,51,56
1109,1263,4,18,26,36,41,53
1110,1262,5,7,8,9,11,39
1111,1261,10,14,22,41,42,53
1112,1260,19,23,29,31,41,53
1113,1259,4,6,39,46,54,58
1114,1258,11,26,47,55,57,59
1115,1257,2,15,26,27,30,52
1116,1256,26,33,35,38,43,53
1117,1255,5,23,38,39,51,54
1118,1254,7,9,14,18,29,39
1119,1253,2,17,23,43,44,51
1120,1252,2,14,35,39,49,51
1121,1251,5,27,34,46,48,52
1122,1250,1,2,24,40,51,59
1123,1249,3,8,36,40,51,53
1124,1248,20,33,34,57,58,60
1125,1247,3,9,11,24,36,51
1126,1246,10,37,40,43,57,59
1127,1245,2,10,34,37,43,50
1128,1244,2,8,15,25,34,45
1129,1243,9,19,23,29,32,57
1130,1242,11,34,45,48,51,54
1131,1241,10,13,25,26,28,45
1132,1240,8,9,12,22,42,49
1133,1239,1,15,37,39,48,52
1134,1238,13,14,24,39,40,45
1135,1237,5,18,21,26,39,59
1136,1236,3,8,17,20,38,53
1137,1235,10,16,20,26,49,55
1138,1234,3,5,19,24,30,35
1139,1233,22,29,32,49,54,59
1140,1232,8,11,12,15,18,22
1141,1231,5,20,23,27,39,49
1142,1230,9,12,19,22,35,37
1143,1229,12,30,32,40,49,60
1144,1228,10,23,36,50,52,60
1145,1227,4,28,30,31,35,54
1146,1226,10,31,40,50,55,56
1147,1225,31,32,34,40,50,55
1148,1224,19,21,27,41,53,57
1149,1223,15,17,35,42,47,48
1150,1222,5,8,19,26,48,57
1151,1221,5,14,37,43,46,58
1152,1220,5,15,43,48,52,55
1153,1219,2,33,34,37,41,53
1154,1218,10,23,29,31,33,46
1155,1217,5,11,15,28,43,50
1156,1216,4,7,13,25,27,58
1157,1215,10,25,30,47,50,51
1158,1214,5,29,30,36,41,48
1159,1213,3,11,26,34,45,53
1160,1212,2,23,33,35,40,50
1161,1211,3,15,31,36,48,54
1162,1210,3,7,9,10,31,34
1163,1209,5,14,17,30,35,38
1164,1208,1,12,20,26,45,54
1165,1207,9,11,22,32,35,56
1166,1206,2,6,11,36,37,48
1167,1205,4,13,14,26,29,35
1168,1204,5,10,25,39,43,52
1169,1203,7,9,30,33,38,55
1170,1202,8,9,11,48,53,60
1171,1201,28,32,36,49,55,60
1172,1200,3,10,11,39,54,56
1173,1199,16,19,23,28,39,58
1174,1198,22,29,36,41,48,58
1175,1197,36,37,39,49,54,60
1176,1196,3,6,19,20,58,60
1177,1195,17,20,26,27,55,57
1178,1194,6,13,24,41,50,53
1179,1193,2,9,12,14,32,54
1180,1192,17,20,49,52,57,59
1181,1191,3,11,16,22,25,33
1182,1190,10,11,19,37,53,56
1183,1189,14,21,27,31,35,50
1184,1188,9,20,44,52,59,60
1185,1187,8,17,19,40,43,49
1186,1186,7,8,12,13,15,41
1187,1185,2,10,21,35,43,54
1188,1184,4,9,23,27,28,30
1189,1183,5,10,12,20,29,37
1190,1182,2,4,29,52,56,60
1191,1181,18,20,26,31,44,45
1192,1180,12,30,34,44,57,60
1193,1179,5,22,28,47,59,60
1194,1178,1,22,30,45,50,53
1195,1177,33,38,47,50,52,55
1196,1176,11,14,21,30,33,49
1197,1175,2,3,12,16,37,47
1198,1174,6,7,39,47,51,52
1199,1173,5,7,24,25,36,47
1200,1172,6,12,28,43,52,56
1201,1171,3,10,13,30,41,57
1202,1170,11,13,27,34,46,49
1203,1169,1,11,14,23,42,48
1204,1168,4,5,20,47,53,56
1205,1167,20,28,43,51,52,56
1206,1166,22,28,30,31,35,54
1207,1165,20,40,42,52,54,60
1208,1164,6,14,17,26,40,49
1209,1163,5,17,31,47,51,53
1210,1162,18,22,25,30,31,41
1211,1161,4,7,42,47,48,51
1212,1160,1,3,5,18,40,48
1213,1159,5,6,34,46,53,55
1214,1158,23,30,31,54,55,60
1215,1157,9,29,41,43,46,49
1216,1156,9,24,31,44,48,49
1217,1155,20,28,40,41,51,58
1218,1154,4,12,14,21,26,28
1219,1153,6,17,19,34,46,55
1220,1152,14,20,29,36,44,47
1221,1151,1,4,14,21,25,51
1222,1150,15,17,28,31,35,52
1223,1149,7,8,23,36,46,54
1224,1148,27,28,29,32,48,55
1225,1147,6,23,31,33,39,52
1226,1146,6,10,28,33,34,53
1227,1145,3,16,19,24,33,60
1228,1144,1,10,18,19,44,49
1229,1143,3,30,35,44,47,60
1230,1142,3,15,26,28,31,58
1231,1141,9,37,40,50,58,60
1232,1140,10,27,40,46,49,58
1233,1139,9,28,31,36,37,42
1234,1138,2,4,15,18,25,36
1235,1137,19,21,25,28,43,50
1236,1136,7,31,32,34,37,43
1237,1135,4,5,6,19,23,39
1238,1134,9,22,29,36,51,56
1239,1133,5,10,16,21,39,58
1240,1132,12,27,30,33,52,55
1241,1131,1,8,16,34,36,49
1242,1130,5,18,23,32,49,54
1243,1129,12,17,19,32,47,55
1244,1128,8,16,24,39,52,60
1245,1127,5,8,14,24,29,30
1246,1126,4,31,42,52,57,59
1247,1125,3,7,29,33,42,56
1248,1124,7,11,16,18,33,49
1249,1123,4,14,19,39,45,60
1250,1122,26,44,46,49,55,56
1251,1121,4,17,18,54,56,59
1252,1120,7,35,40,44,50,55
1253,1119,10,34,41,44,45,54
1254,1118,8,20,21,43,44,55
1255,1117,1,6,17,27,35,40
1256,1116,4,9,13,17,20,47
1257,1115,18,30,37,41,44,50
1258,1114,3,15,16,22,25,54
1259,1113,3,6,29,36,47,59
1260,1112,4,32,34,43,52,58
1261,1111,4,9,25,32,33,43
1262,1110,6,14,26,28,42,45
1263,1109,6,8,11,14,29,52
1264,1108,7,9,39,43,44,60
1265,1107,3,9,20,36,53,54
1266,1106,4,15,43,47,50,60
1267,1105,1,15,28,43,50,57
1268,1104,2,3,6,35,49,58
1269,1103,10,19,28,41,55,56
1270,1102,9,11,23,35,46,51
1271,1101,6,7,10,12,24,57
1272,1100,7,17,18,33,41,42
1273,1099,14,31,35,38,44,55
1274,1098,11,20,21,30,50,52
1275,1097,1,17,21,33,48,56
1276,1096,3,13,14,16,41,52
1277,1095,10,16,21,23,27,36
1278,1094,9,10,21,36,41,48
1279,1093,19,23,27,38,41,49
1280,1092,1,9,30,33,34,40
1281,1091,17,23,24,27,49,56
1282,1090,9,20,24,36,40,42
1283,1089,2,18,20,32,37,48
1284,1088,6,24,31,35,42,57
1285,1087,3,20,28,32,36,46
1286,1086,2,4,6,10,23,45
1287,1085,12,21,39,40,50,55
1288,1084,5,20,29,33,40,59
1289,1083,10,20,23,28,42,43
1290,1082,4,17,38,40,50,55
1291,1081,9,16,24,29,52,56
1292,1080,11,18,20,34,41,56
1293,1079,5,12,24,28,36,37
1294,1078,3,6,34,41,43,45
1295,1077,5,6,9,11,18,37
1296,1076,4,10,19,32,33,42
1297,1075,10,12,16,21,39,53
1298,1074,3,10,23,29,47,50
1299,1073,8,25,32,34,36,44
1300,1072,9,18,19,43,47,54
1301,1071,5,7,37,43,53,54
1302,1070,5,8,16,23,41,53
1303,1069,9,17,28,45,49,53
1304,1068,25,27,44,47,48,57
1305,1067,4,10,14,25,28,56
1306,1066,6,10,25,32,43,49
1307,1065,7,19,30,39,43,57
1308,1064,4,16,19,28,29,49
1309,1063,1,22,44,47,49,50
1310,1062,2,8,23,33,37,55
1311,1061,9,21,23,30,41,56
1312,1060,1,3,16,18,41,42
1313,1059,1,12,14,16,37,45
1314,1058,18,20,24,45,51,57
1315,1057,2,3,4,15,49,59
1316,1056,6,8,38,50,53,59
1317,1055,12,15,16,20,27,32
1318,1054,13,14,18,27,41,60
1319,1053,15,27,34,42,49,53
1320,1052,8,11,15,16,52,57
1321,1051,7,10,11,13,43,57
1322,1050,14,24,26,33,45,60
1323,1049,2,5,17,29,34,52
1324,1048,3,16,21,28,38,57
1325,1047,1,2,8,10,14,48
1326,1046,28,40,42,54,55,57
1327,1045,1,5,6,17,31,50
1328,1044,10,11,13,35,39,58
1329,1043,14,21,25,48,51,60
1330,1042,13,18,25,30,46,51
1331,1041,10,12,36,44,54,57
1332,1040,1,6,28,39,44,55
1333,1039,2,20,24,27,36,52
1334,1038,6,7,28,35,43,51
1335,1037,4,36,44,46,53,56
1336,1036,10,27,36,39,41,52
1337,1035,1,11,26,51,59,60
1338,1034,1,3,18,20,42,49
1339,1033,5,6,17,33,39,54
1340,1032,15,16,26,29,43,57
1341,1031,24,33,40,43,46,49
1342,1030,1,8,23,37,54,57
1343,1029,5,16,17,20,24,32
1344,1028,20,26,34,51,52,54
1345,1027,18,20,33,44,47,60
1346,1026,6,10,17,33,51,53
1347,1025,10,27,28,29,40,52
1348,1024,18,22,28,29,39,53
1349,1023,2,7,8,18,40,45
1350,1022,5,21,31,39,40,56
1351,1021,2,33,42,43,51,55
1352,1020,1,2,19,32,39,52
1353,1019,4,13,23,29,46,47
1354,1018,9,24,44,51,55,58
1355,1017,6,19,31,34,51,56
1356,1016,5,9,11,20,25,60
1357,1015,3,8,17,26,28,49
1358,1014,8,9,25,41,57,60
1359,1013,7,9,12,19,20,41
1360,1012,14,19,40,47,55,58
1361,1011,2,11,21,30,35,52
1362,1010,2,3,13,37,46,54
1363,1009,1,6,12,29,34,58
1364,1008,7,13,15,34,42,48
1365,1007,4,27,36,37,49,52
1366,1006,2,4,17,33,48,55
1367,1005,4,6,12,37,41,42
1368,1004,29,40,43,44,45,47
1369,1003,5,10,16,23,26,27
1370,1002,3,7,25,31,40,58
1371,1001,12,15,27,37,51,60
1372,1000,29,38,39,49,53,58
1373,999,18,24,36,44,55,58
1374,998,3,4,21,22,28,32
1375,997,9,17,18,32,53,55
1376,996,7,15,20,21,23,29
1377,995,4,16,31,36,54,55
1378,994,3,20,29,40,44,58
1379,993,5,24,25,26,42,60
1380,992,1,4,6,8,25,28
1381,991,8,9,15,38,41,60
1382,990,2,10,15,18,29,39
1383,989,2,21,27,29,32,38
1384,988,8,17,46,48,56,60
1385,987,13,27,31,34,47,58
1386,986,6,15,19,24,31,32
1387,985,4,16,18,46,56,59
1388,984,4,10,20,43,46,47
1389,983,16,22,32,38,40,45
1390,982,8,12,24,40,43,49
1391,981,1,8,34,41,53,58
1392,980,15,17,29,35,36,59
1393,979,3,15,28,31,39,51
1394,978,12,16,18,27,42,58
1395,977,3,5,7,9,17,32
1396,976,14,23,25,28,38,53
1397,975,9,30,33,37,40,41
1398,974,12,16,20,31,38,45
1399,973,1,8,30,36,47,53
1400,972,15,18,31,33,34,56
1401,971,4,11,14,33,44,45
1402,970,5,21,28,34,54,57
1403,969,13,25,35,41,50,56
1404,968,1,4,13,30,51,60
1405,967,5,13,14,18,30,57
1406,966,1,4,26,28,41,58
1407,965,5,30,36,39,57,58
1408,964,8,13,20,26,33,42
1409,963,15,17,37,48,50,59
1410,962,2,11,40,48,49,55
1411,961,2,4,16,21,36,53
1412,960,6,18,19,33,34,53
1413,959,3,5,11,33,39,57
1414,958,7,13,22,33,48,51
1415,957,24,25,32,34,50,57
1416,956,46,47,51,54,57,59
1417,955,5,12,21,32,33,35
1418,954,5,8,18,24,33,57
1419,953,1,16,39,42,48,55
1420,952,2,11,18,27,30,54
1421,951,14,24,34,39,49,55
1422,950,23,41,42,48,49,59
1423,949,1,23,41,44,51,52
1424,948,22,41,44,46,52,54
1425,947,3,5,11,14,33,58
1426,946,1,5,12,47,52,59
1427,945,4,8,27,44,54,59
1428,944,16,37,43,52,58,59
1429,943,3,12,23,41,47,58
1430,942,5,8,18,42,52,59
1431,941,10,11,15,27,53,60
1432,940,5,25,31,33,37,51
1433,939,6,19,23,37,49,50
1434,938,15,27,35,50,57,59
1435,937,2,21,22,30,41,52
1436,936,5,14,22,29,33,44
1437,935,7,13,18,29,31,45
1438,934,1,3,21,25,44,48
1439,933,8,14,25,39,45,51
1440,932,2,17,21,36,42,53
1441,931,7,17,19,34,36,39
1442,930,20,28,37,46,49,55
1443,929,16,27,35,39,49,57
1444,928,4,10,32,33,49,60
1445,927,19,23,26,31,33,36
1446,926,21,33,34,40,41,59
1447,925,8,22,36,37,46,52
1448,924,2,20,21,27,51,60
1449,923,2,15,39,50,53,57
1450,922,12,13,19,41,45,49
1451,921,1,9,35,41,48,57
1452,920,5,17,24,52,55,57
1453,919,3,25,31,41,43,60
1454,918,4,8,12,38,44,52
1455,917,23,25,30,46,47,59
1456,916,5,28,33,36,37,38
1457,915,17,20,26,28,48,49
1458,914,9,12,23,33,45,51
1459,913,14,30,36,38,46,59
1460,912,4,19,21,26,29,54
1461,911,1,6,28,29,46,49
1462,910,3,15,27,29,36,53
1463,909,17,22,26,28,38,42
1464,908,1,9,19,25,50,52
1465,907,9,36,37,41,51,53
1466,906,7,14,24,29,35,39
1467,905,2,4,15,16,55,57
1468,904,32,44,48,51,53,59
1469,903,5,17,20,32,41,55
1470,902,18,23,50,52,55,58
1471,901,13,16,32,33,34,56
1472,900,4,18,21,34,38,59
1473,899,18,20,36,53,54,58
1474,898,3,4,8,30,45,54
1475,897,7,21,22,43,46,57
1476,896,5,11,22,31,35,41
1477,895,2,41,43,55,57,58
1478,894,20,24,28,37,41,44
1479,893,3,18,26,51,53,56
1480,892,1,19,42,44,49,52
1481,891,15,16,19,22,34,35
1482,890,7,9,17,21,22,54
1483,889,20,24,34,39,54,60
1484,888,24,40,50,52,54,60
1485,887,1,12,21,32,34,44
1486,886,17,33,37,50,55,59
1487,885,4,13,31,33,47,51
1488,884,2,11,12,14,22,39
1489,883,21,32,37,52,53,60
1490,882,17,41,42,44,45,60
1491,881,4,18,24,43,51,56
1492,880,25,30,37,46,49,51
1493,879,10,28,29,35,42,46
1494,878,11,12,37,38,43,54
1495,877,13,15,20,28,31,36
1496,876,4,8,12,41,45,60
1497,875,18,20,24,36,53,58
1498,874,10,20,42,44,52,59
1499,873,4,19,30,34,57,59
1500,872,5,18,31,43,55,58
1501,871,1,5,10,17,47,58
1502,870,8,21,34,40,43,52
1503,869,27,29,42,49,50,51
1504,868,21,22,25,40,51,57
1505,867,10,19,26,28,44,54
1506,866,5,27,36,40,46,48
1507,865,23,26,27,41,51,53
1508,864,8,11,31,33,42,57
1509,863,15,24,32,50,53,57
1510,862,2,8,11,12,19,35
1511,861,39,40,42,47,59,60
1512,860,2,8,17,22,42,44
1513,859,9,12,34,46,47,57
1514,858,4,18,23,31,37,54
1515,857,2,3,17,49,50,59
1516,856,11,15,40,41,42,47
1517,855,3,24,31,42,43,53
1518,854,3,17,24,25,27,44
1519,853,30,38,46,51,56,59
1520,852,6,14,23,34,38,44
1521,851,3,16,19,32,35,58
1522,850,7,22,25,44,59,60
1523,849,8,9,39,44,49,58
1524,848,17,27,32,34,47,56
1525,847,14,15,27,42,44,48
1526,846,2,3,44,47,50,54
1527,845,14,19,20,40,48,52
1528,844,16,24,34,44,54,57
1529,843,1,16,34,36,45,48
1530,842,7,9,30,44,51,60
1531,841,7,22,32,36,38,51
1532,840,17,29,31,35,43,59
1533,839,7,8,11,18,37,43
1534,838,9,23,30,38,44,47
1535,837,5,6,16,24,34,60
1536,836,17,22,28,38,52,59
1537,835,18,31,33,49,57,58
1538,834,10,16,17,34,44,51
1539,833,13,16,46,53,57,58
1540,832,15,17,23,33,39,49
1541,831,3,32,33,42,48,50
1542,830,2,13,41,49,51,53
1543,829,10,14,32,47,50,56
1544,828,23,28,38,42,50,53
1545,827,18,24,30,42,51,56
1546,826,6,7,8,27,45,53
1547,825,10,21,28,40,41,47
1548,824,6,7,9,20,33,48
1549,823,1,15,26,51,54,59
1550,822,4,10,17,27,41,52
1551,821,4,29,33,36,38,42
1552,820,10,17,21,32,45,46
1553,819,5,19,25,46,51,58
1554,818,8,9,22,25,41,44
1555,817,10,29,30,34,43,52
1556,816,20,21,30,40,47,52
1557,815,9,19,37,39,50,57
1558,814,2,8,11,41,46,50
1559,813,9,15,23,45,46,56
1560,812,11,13,38,39,54,57
1561,811,10,28,32,41,47,57
1562,810,1,4,5,33,37,48
1563,809,5,11,15,23,25,30
1564,808,2,15,21,31,46,57
1565,807,2,8,27,32,49,56
1566,806,18,26,35,41,47,60
1567,805,2,30,36,43,48,60
1568,804,3,13,37,47,56,59
1569,803,3,5,10,21,28,57
1570,802,6,14,18,24,48,60
1571,801,11,19,20,22,42,48
1572,800,1,7,11,37,38,56
1573,799,19,29,35,42,55,57
1574,798,3,4,9,29,32,52
1575,797,6,12,47,48,52,58
1576,796,5,19,24,34,39,43
1577,795,14,21,26,29,36,48
1578,794,3,38,42,47,55,56
1579,793,3,15,16,33,51,57
1580,792,9,29,34,43,45,56
1581,791,9,14,19,35,42,58
1582,790,2,6,19,22,28,43
1583,789,6,31,38,39,50,60
1584,788,17,19,29,31,44,57
1585,787,20,31,34,37,54,60
1586,786,10,11,26,27,31,41
1587,785,5,8,17,35,37,48
1588,784,8,27,37,42,53,56
1589,783,4,8,21,32,43,48
1590,782,2,11,23,35,42,59
1591,781,8,10,13,39,54,56
1592,780,7,10,28,50,51,59
1593,779,25,26,29,36,52,54
1594,778,20,31,36,37,45,51
1595,777,2,14,23,28,50,56
1596,776,3,15,35,41,57,60
1597,775,12,27,42,46,47,50
1598,774,5,10,37,46,54,58
1599,773,3,5,14,29,34,51
1600,772,10,35,38,51,52,60
1601,771,14,21,29,34,46,47
1602,770,4,12,25,34,35,48
1603,769,12,16,20,21,29,50
1604,768,4,8,30,33,37,59
1605,767,15,22,32,38,50,54
1606,766,1,19,24,42,50,58
1607,765,3,10,16,30,37,50
1608,764,3,7,45,47,53,55
1609,763,1,9,26,40,47,48
1610,762,9,12,21,37,39,54
1611,761,13,17,27,29,40,56
1612,760,12,17,44,45,46,60
1613,759,30,31,39,45,48,59
1614,758,1,23,36,43,47,59
1615,757,12,17,18,30,32,58
1616,756,5,27,37,38,41,50
1617,755,4,12,30,47,49,59
1618,754,3,4,13,34,42,50
1619,753,2,7,22,35,43,59
1620,752,4,23,24,25,29,42
1621,751,4,7,20,25,38,50
1622,750,10,17,33,42,54,58
1623,749,4,24,47,48,50,57
1624,748,1,2,7,19,35,51
1625,747,2,3,12,21,23,56
1626,746,1,10,12,25,49,57
1627,745,2,16,21,37,43,57
1628,744,4,12,23,26,39,46
1629,743,20,23,25,32,54,60
1630,742,2,7,17,34,41,50
1631,741,24,26,27,36,39,59
1632,740,12,16,28,29,47,50
1633,739,6,10,35,45,49,56
1634,738,14,15,26,30,42,54
1635,737,11,12,24,32,33,38
1636,736,1,21,38,41,49,56
1637,735,9,15,38,40,42,52
1638,734,27,29,43,44,45,54
1639,733,2,12,26,31,43,46
1640,732,6,17,19,49,50,53
1641,731,6,15,16,23,28,35
1642,730,2,15,16,45,50,54
1643,729,5,18,33,43,56,57
1644,728,8,13,24,32,42,44
1645,727,4,12,14,30,42,59
1646,726,1,5,7,37,40,47
1647,725,3,9,35,37,41,49
1648,724,17,27,34,48,51,55
1649,723,1,6,16,36,50,52
1650,722,9,18,36,44,57,60
1651,721,3,14,23,25,36,55
1652,720,12,31,44,51,54,56
1653,719,3,32,37,39,47,53
1654,718,7,21,33,35,39,58
1655,717,6,17,23,28,35,41
1656,716,2,7,16,29,32,50
1657,715,4,12,24,33,36,54
1658,714,7,8,17,35,39,53
1659,713,1,12,16,26,46,54
1660,712,7,8,35,43,53,58
1661,711,5,10,33,40,41,59
1662,710,5,25,34,39,46,49
1663,709,4,6,9,22,29,44
1664,708,7,9,13,39,45,47
1665,707,1,8,10,36,43,51
1666,706,2,7,10,17,22,60
1667,705,3,11,13,15,26,43
1668,704,2,4,18,27,34,50
1669,703,2,11,24,27,30,45
1670,702,1,18,45,56,57,58
1671,701,1,13,23,31,48,60
1672,700,2,3,14,24,31,40
1673,699,17,23,48,50,53,54
1674,698,8,12,22,27,43,55
1675,697,28,31,32,35,51,53
1676,696,9,16,34,37,53,57
1677,695,6,11,13,21,40,52
1678,694,15,19,29,37,41,53
1679,693,13,14,17,31,41,50
1680,692,11,18,33,57,58,60
1681,691,8,16,37,50,55,58
1682,690,8,12,15,41,47,53
1683,689,6,7,31,49,51,60
1684,688,11,21,30,35,47,52
1685,687,1,7,14,41,48,59
1686,686,4,5,15,26,33,54
1687,685,5,12,27,33,43,56
1688,684,17,19,33,37,40,50
1689,683,2,11,12,35,40,43
1690,682,4,27,36,37,47,60
1691,681,21,25,38,53,58,59
1692,680,2,3,5,22,26,44
1693,679,3,21,25,37,54,58
1694,678,14,31,40,42,44,46
1695,677,8,10,25,32,48,55
1696,676,9,15,32,41,42,49
1697,675,24,25,30,42,43,50
1698,674,18,22,29,32,38,42
1699,673,6,11,20,34,37,40
1700,672,24,28,34,38,43,53
1701,671,9,16,27,38,39,51
1702,670,22,37,42,48,58,59
1703,669,7,24,27,40,41,49
1704,668,1,2,14,33,49,56
1705,667,1,4,5,16,23,49
1706,666,7,16,26,29,45,55
1707,665,7,8,18,25,47,48
1708,664,1,12,36,38,55,59
1709,663,1,27,30,49,51,55
1710,662,4,18,23,25,56,60
1711,661,4,27,36,40,42,55
1712,660,5,11,38,46,53,54
1713,659,14,29,34,40,51,52
1714,658,3,6,11,20,36,41
1715,657,16,20,33,58,59,60
1716,656,35,36,37,46,51,59
1717,655,1,26,37,39,43,48
1718,654,6,10,11,40,41,56
1719,653,5,9,19,24,31,34
1720,652,10,18,20,24,56,57
1721,651,26,28,39,45,48,60
1722,650,10,24,25,29,53,59
1723,649,9,24,33,41,48,54
1724,648,5,23,29,42,45,48
1725,647,11,12,14,19,54,56
1726,646,10,13,32,47,49,60
1727,645,3,24,48,52,53,54
1728,644,14,27,29,31,34,57
1729,643,14,24,37,40,42,45
1730,642,17,36,40,44,51,56
1731,641,1,9,13,17,33,34
1732,640,12,19,42,46,59,60
1733,639,13,35,39,45,51,60
1734,638,10,11,36,41,42,50
1735,637,11,18,43,48,52,58
1736,636,26,28,30,32,34,50
1737,635,8,20,26,37,42,49
1738,634,10,13,24,41,42,56
1739,633,5,11,22,27,46,50
1740,632,2,19,28,48,51,54
1741,631,1,20,28,32,44,47
1742,630,12,16,20,45,53,60
1743,629,15,16,39,40,47,51
1744,628,8,16,22,30,56,58
1745,627,1,13,19,45,56,58
1746,626,7,8,18,22,39,49
1747,625,12,24,32,40,42,59
1748,624,8,23,34,39,43,52
1749,623,9,23,30,42,49,55
1750,622,19,27,29,38,50,59
1751,621,26,29,31,49,50,57
1752,620,1,3,13,22,29,32
1753,619,8,12,14,16,19,46
1754,618,3,8,10,13,24,60
1755,617,3,5,25,33,36,49
1756,616,2,12,16,24,26,54
1757,615,5,8,10,27,31,51
1758,614,12,16,31,48,57,60
1759,613,6,13,19,44,54,55
1760,612,15,18,33,50,53,55
1761,611,16,21,22,33,48,49
1762,610,25,30,43,45,47,49
1763,609,2,6,15,58,59,60
1764,608,6,13,19,24,30,37
1765,607,6,11,19,27,41,59
1766,606,6,23,32,35,41,55
1767,605,4,24,44,49,52,53
1768,604,15,25,41,46,49,51
1769,603,4,8,11,12,29,44
1770,602,7,13,38,46,55,60
1771,601,10,19,22,29,30,37
1772,600,16,18,31,34,39,54
1773,599,4,6,9,23,45,51
1774,598,5,16,34,38,50,53
1775,597,22,27,29,40,42,56
1776,596,11,14,28,43,54,60
1777,595,1,2,25,43,50,54
1778,594,10,13,29,47,53,55
1779,593,1,25,27,29,49,59
1780,592,13,14,42,47,55,59
1781,591,1,3,18,34,50,58
1782,590,4,5,18,25,28,51
1783,589,6,7,8,13,33,59
1784,588,11,13,45,46,53,55
1785,587,2,18,29,30,36,60
1786,586,11,13,38,39,45,54
1787,585,12,24,33,36,39,57
1788,584,7,8,23,30,32,53
1789,583,6,7,20,41,43,55
1790,582,13,29,40,45,51,59
1791,581,14,17,25,30,39,52
1792,580,15,16,18,28,38,47
1793,579,4,9,15,17,34,39
1794,578,3,18,23,48,56,58
1795,577,8,23,24,28,31,47
1796,576,7,8,18,39,43,52
1797,575,5,18,21,29,35,48
1798,574,2,10,17,23,32,44
1799,573,6,17,22,29,40,59
1800,572,3,9,16,20,33,60
1801,571,12,13,14,31,50,51
1802,570,15,32,33,35,36,51
1803,569,3,9,14,15,32,57
1804,568,13,17,22,25,29,41
1805,567,11,31,38,41,57,58
1806,566,6,13,17,18,20,37
1807,565,7,31,34,35,37,45
1808,564,10,13,20,32,38,49
1809,563,5,8,23,34,44,51
1810,562,16,23,35,37,55,57
1811,561,1,20,36,39,49,55
1812,560,2,11,18,30,32,58
1813,559,6,13,17,25,36,53
1814,558,7,14,31,57,58,59
1815,557,8,12,18,23,38,49
1816,556,8,10,17,30,33,45
1817,555,5,23,31,33,45,49
1818,554,15,29,31,42,47,60
1819,553,4,43,46,53,54,58
1820,552,9,22,47,49,52,54
1821,551,12,21,46,48,56,57
1822,550,16,17,38,39,45,56
1823,549,8,13,22,46,51,58
1824,548,14,47,49,51,58,59
1825,547,4,13,28,30,53,59
1826,546,4,5,13,17,46,54
1827,545,17,29,35,40,43,57
1828,544,11,17,33,34,47,56
1829,543,35,37,42,46,49,54
1830,542,4,6,19,28,35,49
1831,541,13,27,49,52,57,58
1832,540,4,22,28,30,44,49
1833,539,6,16,19,47,50,55
1834,538,3,25,43,45,52,56
1835,537,3,7,19,34,37,39
1836,536,14,15,22,23,25,37
1837,535,6,14,28,47,49,56
1838,534,3,8,23,31,48,57
1839,533,13,18,21,27,53,59
1840,532,4,9,12,13,52,53
1841,531,1,3,7,18,35,50
1842,530,1,6,21,25,32,49
1843,529,1,13,33,38,45,56
1844,528,8,12,28,31,34,37
1845,527,6,14,17,26,50,52
1846,526,3,21,31,36,55,59
1847,525,8,10,24,26,32,49
1848,524,19,29,34,41,47,48
1849,523,28,39,40,44,45,58
1850,522,6,14,15,25,49,52
1851,521,15,25,28,32,38,45
1852,520,9,12,17,32,34,35
1853,519,9,15,19,22,36,42
1854,518,5,8,10,15,18,44
1855,517,7,8,28,32,38,51
1856,516,5,13,24,33,34,35
1857,515,15,16,39,45,48,57
1858,514,15,36,40,42,51,52
1859,513,10,19,27,33,39,46
1860,512,4,8,31,40,53,58
1861,511,3,4,8,34,36,37
1862,510,1,4,30,41,45,58
1863,509,28,32,33,34,35,55
1864,508,5,10,15,45,46,56
1865,507,3,5,27,33,44,58
1866,506,4,15,31,34,37,38
1867,505,3,20,28,46,47,52
1868,504,8,11,19,30,39,50
1869,503,7,10,21,27,48,49
1870,502,7,13,21,24,33,50
1871,501,16,27,28,34,39,56
1872,500,21,29,35,36,38,54
1873,499,1,4,5,11,44,59
1874,498,2,6,28,49,50,57
1875,497,9,13,20,32,41,58
1876,496,10,19,20,29,41,59
1877,495,8,15,29,36,49,60
1878,494,18,20,28,32,49,53
1879,493,3,18,20,24,42,54
1880,492,2,6,15,18,56,57
1881,491,1,9,15,22,43,55
1882,490,5,11,23,29,54,58
1883,489,17,28,33,36,53,59
1884,488,15,30,35,39,43,57
1885,487,8,22,25,48,52,54
1886,486,8,14,19,30,42,50
1887,485,19,28,30,38,52,57
1888,484,17,18,19,38,49,53
1889,483,16,18,23,35,44,59
1890,482,12,13,33,53,54,56
1891,481,6,13,22,24,42,44
1892,480,14,33,36,38,41,49
1893,479,20,26,41,46,54,58
1894,478,3,8,21,25,30,31
1895,477,6,8,18,34,38,47
1896,476,17,20,38,43,55,58
1897,475,6,8,19,22,43,52
1898,474,3,12,32,34,40,50
1899,473,7,23,41,49,51,58
1900,472,3,4,12,29,38,51
1901,471,5,31,32,36,51,59
1902,470,8,11,23,37,51,58
1903,469,13,21,26,29,42,47
1904,468,5,6,23,25,39,51
1905,467,8,18,21,22,38,60
1906,466,11,16,28,29,30,45
1907,465,1,22,31,46,51,57
1908,464,6,24,33,38,45,50
1909,463,2,3,7,18,45,53
1910,462,17,19,22,26,27,48
1911,461,15,17,20,29,30,60
1912,460,19,23,30,37,49,55
1913,459,8,15,17,39,43,49
1914,458,13,24,32,34,43,53
1915,457,15,17,24,27,32,48
1916,456,3,17,22,27,33,40
1917,455,2,14,15,17,50,59
1918,454,4,17,24,42,46,56
1919,453,8,20,23,34,52,58
1920,452,11,16,30,36,51,54
1921,451,17,18,23,28,31,53
1922,450,1,9,13,50,51,59
1923,449,1,8,24,34,49,56
1924,448,3,5,9,45,51,52
1925,447,15,24,25,33,42,55
1926,446,8,11,12,17,20,47
1927,445,7,20,31,32,50,53
1928,444,3,24,33,48,52,57
1929,443,11,17,26,36,48,52
1930,442,6,15,23,31,37,59
1931,441,2,10,15,21,58,59
1932,440,3,5,23,30,46,47
1933,439,13,20,29,42,43,57
1934,438,3,5,11,14,38,48
1935,437,7,10,30,44,54,59
1936,436,1,6,7,29,48,57
1937,435,10,11,17,31,37,43
1938,434,4,10,17,24,30,54
1939,433,16,17,28,30,36,54
1940,432,4,13,17,27,39,50
1941,431,26,37,40,47,52,58
1942,430,8,10,21,25,38,50
1943,429,17,26,32,36,43,55
1944,428,8,28,30,32,46,60
1945,427,3,13,14,24,43,51
1946,426,7,30,32,37,50,54
1947,425,6,10,16,34,42,47
1948,424,18,27,29,36,46,59
1949,423,8,22,32,33,40,53
1950,422,12,37,43,55,56,60
1951,421,5,35,37,38,45,51
1952,420,12,29,30,43,57,59
1953,419,9,16,41,42,52,53
1954,418,8,15,32,45,49,52
1955,417,7,12,21,25,34,42
1956,416,1,13,23,33,54,56
1957,415,1,4,27,38,42,44
1958,414,16,26,35,45,52,58
1959,413,2,4,29,33,35,53
1960,412,5,12,14,21,45,59
1961,411,10,12,31,38,45,56
1962,410,8,24,31,36,38,55
1963,409,18,25,26,31,34,49
1964,408,14,28,33,44,49,56
1965,407,2,18,22,49,51,57
1966,406,2,12,32,38,47,48
1967,405,24,29,34,47,57,60
1968,404,1,24,28,38,40,58
1969,403,7,16,27,31,46,60
1970,402,5,16,27,43,56,58
1971,401,11,18,43,44,50,53
1972,400,10,13,28,29,54,59
1973,399,11,16,27,47,55,59
1974,398,7,16,22,28,36,37
1975,397,1,2,5,24,32,46
1976,396,6,18,34,42,45,47
1977,395,10,11,14,20,31,58
1978,394,5,15,35,42,45,49
1979,393,6,12,35,36,40,50
1980,392,15,23,31,39,47,49
1981,391,4,7,15,16,35,40
1982,390,7,12,22,34,38,53
1983,389,5,14,18,43,46,54
1984,388,23,36,48,52,53,58
1985,387,22,28,29,43,47,48
1986,386,17,35,36,39,43,54
1987,385,5,12,16,18,22,24
1988,384,24,28,40,47,50,52
1989,383,14,22,48,50,53,56
1990,382,31,34,37,38,53,54
1991,381,9,10,28,46,55,56
1992,380,13,22,30,31,47,57
1993,379,24,33,40,41,55,59
1994,378,5,38,41,45,48,55
1995,377,3,12,19,27,45,46
1996,376,10,13,25,35,43,48
1997,375,1,5,9,42,51,58
1998,374,2,5,16,26,44,54
1999,373,1,5,10,24,31,33
2000,372,16,17,24,39,46,57
2001,371,4,18,23,33,39,60
2002,370,1,4,40,42,51,54
2003,369,1,14,21,35,42,60
2004,368,13,29,32,38,44,50
2005,367,10,12,27,33,49,52
2006,366,4,6,7,15,21,51
2007,365,19,23,34,37,52,58
2008,364,5,29,44,51,57,59
2009,363,19,29,39,47,49,54
2010,362,7,20,33,37,46,56
2011,361,16,28,31,41,45,59
2012,360,23,24,29,47,53,55
2013,359,13,19,20,29,31,54
2014,358,12,17,21,32,40,42
2015,357,2,30,32,35,45,53
2016,356,5,19,21,54,56,58
2017,355,2,14,22,23,37,60
2018,354,7,16,38,40,41,52
2019,353,19,23,30,46,55,60
2020,352,7,20,25,44,47,49
2021,351,15,16,24,41,59,60
2022,350,10,15,23,30,43,57
2023,349,8,9,28,32,38,54
2024,348,19,30,33,39,40,52
2025,347,1,10,12,26,48,52
2026,346,7,12,41,46,56,60
2027,345,11,22,46,51,56,58
2028,344,10,12,14,33,35,36
2029,343,4,6,7,12,24,41
2030,342,16,29,34,49,51,54
2031,341,5,16,22,23,43,56
2032,340,9,10,12,33,42,60
2033,339,5,12,13,16,27,50
2034,338,1,4,9,36,46,48
2035,337,4,14,16,31,52,54
2036,336,2,18,22,26,30,54
2037,335,7,23,33,43,57,59
2038,334,14,23,24,26,41,51
2039,333,4,27,35,44,52,53
2040,332,23,28,29,34,42,44
2041,331,1,13,20,27,35,37
2042,330,2,4,14,23,37,51
2043,329,10,11,12,24,35,40
2044,328,5,7,14,21,23,51
2045,327,29,32,33,38,46,48
2046,326,21,23,40,44,51,52
2047,325,1,3,4,21,23,53
2048,324,8,15,22,25,30,47
2049,323,26,31,33,40,49,54
2050,322,11,18,29,44,47,56
2051,321,4,11,31,32,48,49
2052,320,20,22,27,47,50,53
2053,319,12,16,17,19,23,48
2054,318,3,19,20,31,40,53
2055,317,16,20,27,30,35,48
2056,316,6,24,28,43,51,56
2057,315,12,21,22,28,43,50
2058,314,5,32,34,37,40,58
2059,313,14,16,24,37,38,53
2060,312,14,23,30,41,47,50
2061,311,22,24,30,32,38,41
2062,310,2,14,28,29,31,32
2063,309,4,11,25,39,50,55
2064,308,4,11,25,29,39,55
2065,307,13,16,17,26,41,44
2066,306,19,30,41,47,56,57
2067,305,5,11,27,38,53,60
2068,304,7,11,34,41,42,59
2069,303,7,13,17,30,37,47
2070,302,12,25,30,40,41,60
2071,301,9,26,48,49,57,58
2072,300,24,27,28,38,41,57
2073,299,2,5,7,33,49,53
2074,298,5,22,23,24,34,60
2075,297,1,20,28,33,36,41
2076,296,3,20,42,46,51,52
2077,295,7,12,24,31,44,50
2078,294,22,25,28,41,45,57
2079,293,5,6,7,12,28,35
2080,292,13,23,24,34,45,53
2081,291,5,16,17,18,22,41
2082,290,7,25,26,30,40,57
2083,289,6,7,20,25,30,36
2084,288,6,9,11,17,18,50
2085,287,3,13,25,33,47,60
2086,286,29,35,37,44,47,56
2087,285,12,32,37,41,50,56
2088,284,7,8,14,30,32,36
2089,283,25,28,34,42,48,54
2090,282,9,14,23,24,33,36
2091,281,5,11,31,38,47,53
2092,280,5,16,20,25,30,58
2093,279,4,23,31,47,58,59
2094,278,10,15,18,22,31,55
2095,277,4,26,38,40,52,56
2096,276,22,39,45,53,57,59
2097,275,16,19,30,37,38,48
2098,274,11,13,18,26,39,47
2099,273,10,17,23,27,47,52
2100,272,9,10,24,36,56,58
2101,271,14,24,26,29,31,54
2102,270,5,9,27,35,40,45
2103,269,17,18,19,25,49,52
2104,268,5,6,10,21,33,47
2105,267,1,8,45,46,55,58
2106,266,2,23,38,46,48,54
2107,265,7,16,34,41,50,53
2108,264,1,5,13,25,31,33
2109,263,8,9,26,43,50,53
2110,262,11,20,48,53,58,60
2111,261,5,16,20,30,54,56
2112,260,4,6,33,43,59,60
2113,259,13,15,20,33,43,58
2114,258,7,12,50,54,55,60
2115,257,1,4,5,19,28,34
2116,256,2,21,26,32,34,52
2117,255,16,19,20,32,44,55
2118,254,1,4,21,22,30,56
2119,253,11,12,24,37,44,56
2120,252,4,17,26,32,51,54
2121,251,15,23,30,34,49,55
2122,250,7,25,41,42,43,55
2123,249,21,36,40,49,54,55
2124,248,16,32,34,35,41,56
2125,247,3,10,23,30,34,46
2126,246,2,16,32,37,43,57
2127,245,8,27,44,51,53,60
2128,244,19,24,33,47,50,60
2129,243,11,16,20,23,32,47
2130,242,4,7,21,22,28,56
2131,241,11,31,35,40,56,57
2132,240,25,28,38,41,57,59
2133,239,6,21,33,44,46,47
2134,238,9,13,15,37,41,42
2135,237,7,31,36,45,56,57
2136,236,10,25,50,52,57,60
2137,235,2,22,29,31,41,55
2138,234,15,25,41,42,45,54
2139,233,3,7,24,32,36,45
2140,232,19,22,29,37,41,59
2141,231,16,27,36,42,44,59
2142,230,8,40,41,44,53,56
2143,229,11,13,21,33,39,45
2144,228,13,16,40,43,45,59
2145,227,11,26,27,37,42,48
2146,226,1,2,38,49,50,59
2147,225,2,4,16,21,37,58
2148,224,7,16,18,20,21,44
2149,223,2,6,22,24,28,58
2150,222,5,19,30,48,52,55
2151,221,13,27,43,50,54,58
2152,220,13,14,36,53,55,60
2153,219,23,26,28,36,42,49
2154,218,12,17,40,42,47,54
2155,217,3,27,32,45,49,51
2156,216,14,18,30,35,42,59
2157,215,7,28,37,46,53,58
2158,214,6,12,30,31,35,50
2159,213,3,9,23,30,32,35
2160,212,6,15,29,45,57,59
2161,211,10,20,33,40,45,50
2162,210,20,32,37,38,48,58
2163,209,13,21,26,32,41,52
2164,208,15,23,24,25,47,57
2165,207,3,7,19,24,53,55
2166,206,18,20,26,34,51,56
2167,205,26,32,40,43,46,54
2168,204,29,31,39,41,51,58
2169,203,11,19,29,44,47,55
2170,202,12,24,44,45,49,53
2171,201,5,20,22,30,35,55
2172,200,12,15,19,34,44,51
2173,199,10,16,37,50,52,57
2174,198,1,8,18,23,35,40
2175,197,5,12,15,19,29,52
2176,196,7,9,14,17,24,32
2177,195,3,9,17,32,37,44
2178,194,25,28,32,33,42,43
2179,193,4,11,12,19,43,49
2180,192,1,26,28,41,54,60
2181,191,1,3,5,23,41,58
2182,190,5,10,21,32,40,42
2183,189,4,15,31,38,41,53
2184,188,17,27,34,42,43,46
2185,187,6,36,41,44,48,58
2186,186,14,23,24,25,26,51
2187,185,17,22,43,46,55,59
2188,184,9,16,21,34,41,60
2189,183,2,7,11,16,40,44
2190,182,3,5,10,28,46,60
2191,181,1,27,33,35,51,55
2192,180,6,23,29,39,51,60
2193,179,5,6,23,26,27,53
2194,178,5,15,19,26,27,33
2195,177,22,35,38,39,41,59
2196,176,1,3,4,28,45,53
2197,175,1,10,13,20,42,50
2198,174,11,22,23,36,52,59
2199,173,17,28,29,42,49,50
2200,172,10,14,26,35,36,49
2201,171,4,27,40,43,46,54
2202,170,7,41,46,51,55,58
2203,169,1,13,21,37,51,52
2204,168,2,9,31,35,45,50
2205,167,1,11,28,33,38,48
2206,166,12,13,22,57,59,60
2207,165,10,19,23,35,39,56
2208,164,4,10,14,19,28,44
2209,163,8,27,36,41,53,56
2210,162,21,23,33,38,48,51
2211,161,6,25,30,37,39,41
2212,160,2,13,42,52,54,58
2213,159,9,11,16,35,50,58
2214,158,4,14,17,43,51,58
2215,157,4,13,17,21,41,44
2216,156,17,23,42,49,52,55
2217,155,12,30,32,35,43,44
2218,154,8,10,24,33,45,48
2219,153,2,30,31,42,45,47
2220,152,5,12,15,29,51,58
2221,151,3,16,20,43,52,56
2222,150,12,44,50,52,54,55
2223,149,7,11,20,28,45,48
2224,148,32,35,41,55,58,59
2225,147,6,16,23,24,28,38
2226,146,25,32,34,42,51,60
2227,145,15,16,31,41,43,51
2228,144,8,32,36,44,45,55
2229,143,6,18,20,40,50,53
2230,142,8,15,19,20,54,59
2231,141,10,13,22,41,42,58
2232,140,7,31,41,44,46,55
2233,139,3,13,26,27,41,42
2234,138,5,14,27,37,40,41
2235,137,15,16,19,22,26,49
2236,136,1,17,25,38,45,59
2237,135,21,22,35,40,53,59
2238,134,4,25,32,36,52,60
2239,133,5,6,19,34,39,57
2240,132,7,9,35,41,44,50
2241,131,4,9,17,27,30,44
2242,130,13,29,38,42,49,53
2243,129,1,9,10,32,46,54
2244,128,3,9,18,21,23,43
2245,127,21,29,50,51,54,59
2246,126,6,10,11,28,32,40
2247,125,25,41,47,53,56,59
2248,124,5,15,34,41,52,57
2249,123,13,14,16,26,32,42
2250,122,11,17,20,39,43,53
2251,121,2,29,41,44,53,55
2252,120,3,16,27,40,45,46
2253,119,1,21,36,38,47,50
2254,118,9,22,25,37,56,57
2255,117,20,25,27,33,42,53
2256,116,5,13,32,36,42,51
2257,115,4,6,14,20,24,38
2258,114,6,12,18,37,47,54
2259,113,7,26,28,34,54,55
2260,112,12,20,34,37,42,43
2261,111,4,22,25,32,33,52
2262,110,18,31,43,52,57,58
2263,109,1,13,44,48,49,54
2264,108,21,24,29,34,59,60
2265,107,2,4,16,24,51,52
2266,106,5,16,24,35,38,39
2267,105,3,13,31,43,46,49
2268,104,1,4,13,21,38,52
2269,103,1,7,9,49,54,57
2270,102,19,20,37,42,44,56
2271,101,1,18,29,31,37,39
2272,100,14,29,30,46,48,51
2273,99,11,24,30,33,46,60
2274,98,13,14,31,33,35,43
2275,97,5,11,14,35,53,56
2276,96,4,7,26,40,42,58
2277,95,6,40,45,46,50,60
2278,94,8,18,28,51,52,55
2279,93,2,22,28,31,36,53
2280,92,1,3,5,23,24,51
2281,91,2,4,10,35,39,60
2282,90,9,21,26,40,52,54
2283,89,13,34,42,44,55,59
2284,88,4,18,29,37,43,45
2285,87,4,5,11,28,32,40
2286,86,6,21,22,34,36,54
2287,85,6,15,30,37,45,47
2288,84,4,6,10,25,34,40
2289,83,4,15,16,24,42,57
2290,82,15,18,29,36,51,53
2291,81,10,23,41,47,54,60
2292,80,23,28,37,40,48,51
2293,79,2,13,17,25,31,43
2294,78,12,22,25,31,32,46
2295,77,21,29,40,49,54,57
2296,76,8,17,18,23,33,53
2297,75,21,24,35,36,37,49
2298,74,2,24,34,37,38,50
2299,73,25,26,28,45,51,57
2300,72,1,19,34,43,44,48
2301,71,16,27,33,43,45,53
2302,70,17,23,27,40,43,58
2303,69,25,34,45,53,56,58
2304,68,1,3,12,13,53,59
2305,67,12,14,17,27,47,52
2306,66,12,13,15,26,33,48
2307,65,1,5,20,25,32,34
2308,64,8,12,23,50,54,60
2309,63,9,25,26,40,41,49
2310,62,6,8,13,24,31,52
2311,61,8,18,29,42,44,59
2312,60,3,14,15,20,21,38
2313,59,2,8,13,28,34,54
2314,58,12,27,30,37,44,49
2315,57,7,16,17,27,34,59
2316,56,2,7,20,35,51,59
2317,55,2,14,23,29,38,52
2318,54,5,9,18,21,36,56
2319,53,3,13,16,38,42,46
2320,52,15,30,38,46,58,59
2321,51,17,23,24,25,42,47
2322,50,6,16,21,44,57,58
2323,49,7,13,33,35,43,55
2324,48,2,5,28,34,47,50
2325,47,3,17,25,35,48,56
2326,46,1,23,24,32,46,60
2327,45,7,30,37,44,53,55
2328,44,14,18,29,38,44,47
2329,43,2,6,17,25,26,58
2330,42,7,11,19,24,33,36
2331,41,12,26,35,38,39,47
2332,40,3,5,8,12,46,47
2333,39,12,16,37,45,52,56
2334,38,10,42,43,45,54,55
2335,37,6,7,22,38,52,60
2336,36,3,13,17,25,29,51
2337,35,4,16,21,23,54,57
2338,34,13,15,17,40,53,57
2339,33,5,17,33,39,42,49
2340,32,5,14,33,36,43,44
2341,31,17,19,28,45,48,56
2342,30,7,14,15,29,38,50
2343,29,3,8,14,43,56,58
2344,28,3,6,22,24,54,60
2345,27,13,17,20,33,44,51
2346,26,10,22,50,53,57,58
2347,25,24,43,50,54,55,56
2348,24,1,8,14,28,33,43
2349,23,17,37,39,51,52,59
2350,22,1,9,31,38,46,56
2351,21,6,33,36,46,49,53
2352,20,11,25,28,30,33,51
2353,19,5,10,12,24,25,60
2354,18,23,27,36,37,42,56
2355,17,6,10,13,19,20,51
2356,16,20,32,34,49,58,60
2357,15,12,33,35,51,52,60
2358,14,2,16,23,27,47,53
2359,13,18,32,47,50,54,56
2360,12,4,16,19,20,27,43
2361,11,15,25,37,38,58,59
2362,10,4,18,21,25,38,57
2363,9,8,43,54,55,56,60
2364,8,4,17,37,38,47,53
2365,7,3,5,20,21,38,56
2366,6,7,13,19,22,40,47
2367,5,1,2,6,16,19,46
2368,4,1,5,6,27,42,59
2369,3,10,11,29,30,36,47
2370,2,9,37,39,41,43,49
2371,1,4,5,30,33,41,52
